{
      "StatusCode": 200,
      "Body": {
            "Keys": [
                  "Latitude",
                  "Longitude",
                  "Months since 2001",
                  "Generic-EBV-1"
            ],
            "Raw": {
                  "Latitude": [
                        12.0,
                        12.0,
                        12.0,
                        12.0,
                        12.0,
                        12.0,
                        12.0,
                        12.0,
                        12.0,
                        12.0,
                        12.0,
                        12.0,
                        12.0,
                        12.0,
                        12.0,
                        12.0,
                        12.0,
                        12.0,
                        12.0,
                        12.0
                  ],
                  "Longitude": [
                        75.0,
                        75.5,
                        76.0,
                        76.5,
                        77.0,
                        77.5,
                        78.0,
                        78.5,
                        79.0,
                        79.5,
                        80.0,
                        80.5,
                        81.0,
                        81.5,
                        82.0,
                        82.5,
                        83.0,
                        83.5,
                        84.0,
                        84.5
                  ],
                  "Months since 2001": [
                        21.0,
                        21.0,
                        21.0,
                        21.0,
                        21.0,
                        21.0,
                        21.0,
                        21.0,
                        21.0,
                        21.0,
                        21.0,
                        21.0,
                        21.0,
                        21.0,
                        21.0,
                        21.0,
                        21.0,
                        21.0,
                        21.0,
                        21.0
                  ],
                  "Generic-EBV-1": [
                        -2.340348089020381,
                        -1.421217027974533,
                        2.1143971447823,
                        1.8933045999781908,
                        0.13042561822322019,
                        -0.10517711125794316,
                        -1.813934523822705,
                        -2.1955782844683847,
                        1.2947235735362588,
                        2.39274788675529,
                        0.4378957272239832,
                        -0.0076986570225673345,
                        -1.184446388849497,
                        -2.5696512893319103,
                        0.22574502105899358,
                        2.5978512423425997,
                        0.9429893466870286,
                        0.000614773851285888,
                        -0.6183900605821779,
                        -2.517926321089071
                  ]
            },
            "Time Series": {
                  "Generic-EBV-1": {
                        "21.0": -0.00031044290820500824,
                        "22.0": -0.00015267897646681488,
                        "23.0": 3.680888665664873e-05,
                        "24.0": -0.00014163528164227242,
                        "25.0": 6.282341510397392e-05,
                        "26.0": -0.00020158197584535864
                  }
            },
            "Heat Map": {
                  "21.0": {
                        "Latitude": [
                              12.0,
                              12.0,
                              12.0,
                              12.0,
                              12.0,
                              12.0,
                              12.0,
                              12.0,
                              12.0,
                              12.0,
                              12.0,
                              12.0,
                              12.0,
                              12.0,
                              12.0,
                              12.0,
                              12.0,
                              12.0,
                              12.0,
                              12.0
                        ],
                        "Longitude": [
                              75.0,
                              75.5,
                              76.0,
                              76.5,
                              77.0,
                              77.5,
                              78.0,
                              78.5,
                              79.0,
                              79.5,
                              80.0,
                              80.5,
                              81.0,
                              81.5,
                              82.0,
                              82.5,
                              83.0,
                              83.5,
                              84.0,
                              84.5
                        ],
                        "Generic-EBV-1": [
                              -2.340348089020381,
                              -1.421217027974533,
                              2.1143971447823,
                              1.8933045999781908,
                              0.13042561822322019,
                              -0.10517711125794316,
                              -1.813934523822705,
                              -2.1955782844683847,
                              1.2947235735362588,
                              2.39274788675529,
                              0.4378957272239832,
                              -0.0076986570225673345,
                              -1.184446388849497,
                              -2.5696512893319103,
                              0.22574502105899358,
                              2.5978512423425997,
                              0.9429893466870286,
                              0.000614773851285888,
                              -0.6183900605821779,
                              -2.517926321089071
                        ]
                  },
                  "22.0": {
                        "Latitude": [
                              -5.0,
                              -5.0,
                              -5.0,
                              -5.0,
                              -5.0,
                              -5.0,
                              -5.0,
                              -5.0,
                              -5.0,
                              -5.0,
                              -5.0,
                              -5.0,
                              -5.0,
                              -5.0,
                              -5.0,
                              -5.0,
                              -5.0,
                              -5.0,
                              -5.0,
                              -5.0
                        ],
                        "Longitude": [
                              107.0,
                              107.5,
                              108.0,
                              108.5,
                              109.0,
                              109.5,
                              110.0,
                              110.5,
                              111.0,
                              111.5,
                              112.0,
                              112.5,
                              113.0,
                              113.5,
                              114.0,
                              114.5,
                              115.0,
                              115.5,
                              116.0,
                              116.5
                        ],